1,2000,"8,001","3,205,059.95",400.58,148,"4,730,288.41","31,961.41","8,149","7,935,348.36",973.78
2,2000,"9,909","3,567,370.52",360.01,245,"12,607,962.50","51,461.07","10,154","16,175,333.02","1,593.00"
3,2000,"10,389","2,821,739.38",271.61,97,"3,094,197.21","31,898.94","10,486","5,915,936.59",564.17
4,2000,"10,869","3,425,158.76",315.13,87,"2,194,651.12","25,225.87","10,956","5,619,809.88",512.94
5,2000,"14,321","4,395,553.77",306.93,240,"5,427,934.05","22,616.39","14,561","9,823,487.82",674.64
6,2000,"11,071","3,366,132.21",304.05,171,"5,715,486.11","33,423.90","11,242","9,081,618.32",807.83
7,2000,"8,960","3,883,303.66",433.40,207,"6,436,735.19","31,095.34","9,167","10,320,038.85","1,125.78"
8,2000,"3,939","2,062,795.75",523.69,233,"7,149,130.68","30,682.96","4,172","9,211,926.43","2,208.04"
9,2000,"8,067","2,836,868.01",351.66,118,"2,739,060.44","23,212.38","8,185","5,575,928.45",681.24
10,2000,"8,862","3,174,900.50",358.26,151,"4,727,567.51","31,308.39","9,013","7,902,468.01",876.79
11,2000,"10,543","3,691,579.18",350.15,143,"6,087,812.56","42,572.12","10,686","9,779,391.74",915.16
12,2000,"8,989","3,245,173.21",361.02,148,"3,406,889.76","23,019.53","9,137","6,652,062.97",728.04
13,2000,"8,152","2,462,327.65",302.05,66,"1,785,840.13","27,058.18","8,218","4,248,167.78",516.93
14,2000,"3,236","2,063,165.67",637.57,114,"2,821,457.41","24,749.63","3,350","4,884,623.08","1,458.10"
15,2000,"11,275","4,484,968.21",397.78,175,"3,976,573.18","22,723.28","11,450","8,461,541.39",739.00
16,2000,"8,030","2,935,912.02",365.62,89,"1,598,742.85","17,963.40","8,119","4,534,654.87",558.52
17,2000,"6,501","2,546,205.08",391.66,46,"431,529.17","9,381.07","6,547","2,977,734.25",454.82
18,2000,"2,596","1,402,932.34",540.42,64,"2,232,576.68","34,884.01","2,660","3,635,509.02","1,366.73"
19,2000,"3,450","1,846,965.17",535.35,65,"1,757,347.43","27,036.11","3,515","3,604,312.60","1,025.41"
20,2000,"4,271","3,890,044.20",910.80,375,"9,032,300.48","24,086.13","4,646","12,922,344.68","2,781.39"
21,2000,"7,043","3,096,088.00",439.60,116,"2,123,911.99","18,309.59","7,159","5,219,999.99",729.15
22,2000,"4,316","2,493,404.86",577.71,220,"4,410,367.44","20,047.12","4,536","6,903,772.30","1,522.00"
23,2000,"11,695","3,526,996.38",301.58,148,"3,908,334.40","26,407.66","11,843","7,435,330.78",627.82
24,2000,"10,734","3,675,180.44",342.39,124,"3,316,169.37","26,743.30","10,858","6,991,349.81",643.89
25,2000,"10,511","4,875,388.40",463.84,140,"3,220,184.49","23,001.32","10,651","8,095,572.89",760.08
26,2000,"4,986","1,469,528.74",294.73,185,"7,520,206.14","40,649.76","5,171","8,989,734.88","1,738.49"
27,2000,"3,542","2,755,854.55",778.05,395,"13,212,781.65","33,450.08","3,937","15,968,636.20","4,056.04"
28,2000,"2,102","1,611,191.79",766.50,304,"12,809,217.54","42,135.58","2,406","14,420,409.33","5,993.52"
29,2000,"8,954","2,539,488.22",283.61,77,"1,700,882.36","22,089.38","9,031","4,240,370.58",469.53
30,2000,"3,769","2,047,148.66",543.15,79,"2,480,385.05","31,397.28","3,848","4,527,533.71","1,176.59"
31,2000,"10,582","3,067,303.26",289.86,86,"3,432,887.87","39,917.30","10,668","6,500,191.13",609.32
32,2000,"5,058","2,063,263.01",407.92,68,"1,200,986.48","17,661.57","5,126","3,264,249.49",636.80
33,2000,"6,924","2,406,653.15",347.58,139,"4,764,942.80","34,280.16","7,063","7,171,595.95","1,015.38"
34,2000,"7,016","2,500,717.68",356.43,225,"5,447,031.72","24,209.03","7,241","7,947,749.40","1,097.60"
35,2000,"10,039","3,290,976.88",327.82,143,"4,155,143.64","29,056.95","10,182","7,446,120.52",731.30
36,2000,"11,588","3,295,532.79",284.39,97,"2,732,508.34","28,170.19","11,685","6,028,041.13",515.88
37,2000,"12,872","4,346,878.90",337.70,201,"7,807,391.29","38,842.74","13,073","12,154,270.19",929.72
38,2000,"10,098","3,144,489.27",311.40,151,"4,587,831.57","30,382.99","10,249","7,732,320.84",754.45
39,2000,"8,211","3,446,169.21",419.70,96,"3,443,096.61","35,865.59","8,307","6,889,265.82",829.33
40,2000,"7,849","3,018,119.26",384.52,133,"3,873,348.37","29,122.92","7,982","6,891,467.63",863.38
41,2000,"13,500","5,254,697.14",389.24,154,"3,836,733.65","24,913.85","13,654","9,091,430.79",665.84
42,2000,"10,083","4,288,385.32",425.31,113,"3,034,294.41","26,852.16","10,196","7,322,679.73",718.19
43,2000,"8,715","2,743,570.84",314.81,104,"2,945,428.69","28,321.43","8,819","5,688,999.53",645.08
44,2000,"14,493","4,484,791.72",309.45,58,"1,502,354.03","25,902.66","14,551","5,987,145.75",411.46
1,2001,"8,051","3,982,505.48",494.66,148,"5,137,828.92","34,715.06","8,199","9,120,334.40","1,112.37"
2,2001,"9,998","4,335,026.95",433.59,242,"13,222,408.19","54,638.05","10,240","17,557,435.14","1,714.59"
3,2001,"10,391","3,521,972.06",338.94,98,"3,269,956.77","33,366.91","10,489","6,791,928.83",647.53
4,2001,"10,896","4,218,445.20",387.16,87,"2,763,154.30","31,760.39","10,983","6,981,599.50",635.67
5,2001,"14,340","5,369,122.73",374.42,248,"5,778,688.49","23,301.16","14,588","11,147,811.22",764.18
6,2001,"11,251","4,353,744.50",386.97,171,"6,363,879.78","37,215.67","11,422","10,717,624.28",938.33
7,2001,"8,983","4,266,214.24",474.92,204,"6,917,241.70","33,908.05","9,187","11,183,455.94","1,217.31"
8,2001,"3,943","2,227,012.66",564.80,234,"8,186,967.04","34,987.04","4,177","10,413,979.70","2,493.17"
9,2001,"8,091","3,016,090.27",372.77,120,"3,132,450.01","26,103.75","8,211","6,148,540.28",748.82
10,2001,"8,877","3,349,336.72",377.31,154,"5,255,673.27","34,127.75","9,031","8,605,009.99",952.83
11,2001,"10,976","3,976,244.28",362.27,145,"7,013,373.19","48,368.09","11,121","10,989,617.47",988.19
12,2001,"9,187","3,408,009.87",370.96,154,"4,331,184.60","28,124.58","9,341","7,739,194.47",828.52
13,2001,"8,199","2,855,653.43",348.29,67,"1,951,874.25","29,132.45","8,266","4,807,527.68",581.60
14,2001,"3,355","2,209,854.06",658.67,114,"3,035,546.36","26,627.60","3,469","5,245,400.42","1,512.08"
15,2001,"11,341","4,655,013.85",410.46,175,"4,222,881.71","24,130.75","11,516","8,877,895.56",770.92
16,2001,"8,218","3,281,419.25",399.30,91,"1,906,024.72","20,945.33","8,309","5,187,443.97",624.32
17,2001,"6,631","2,741,221.43",413.39,45,"543,347.07","12,074.38","6,676","3,284,568.50",492.00
18,2001,"2,721","1,696,694.63",623.56,62,"2,075,908.65","33,482.40","2,783","3,772,603.28","1,355.59"
19,2001,"3,593","2,229,859.27",620.61,65,"1,949,654.69","29,994.69","3,658","4,179,513.96","1,142.57"
20,2001,"4,338","4,163,582.89",959.79,378,"9,270,112.71","24,524.11","4,716","13,433,695.60","2,848.54"
21,2001,"7,088","3,404,241.99",480.28,117,"2,104,340.59","17,985.82","7,205","5,508,582.58",764.55
22,2001,"4,452","2,992,594.81",672.19,222,"4,831,411.16","21,763.11","4,674","7,824,005.97","1,673.94"
23,2001,"11,825","3,726,867.84",315.17,149,"4,598,113.35","30,859.82","11,974","8,324,981.19",695.25
24,2001,"10,748","3,894,799.43",362.37,124,"4,003,328.08","32,284.90","10,872","7,898,127.51",726.47
25,2001,"10,598","5,435,196.02",512.85,146,"3,720,898.28","25,485.60","10,744","9,156,094.30",852.21
26,2001,"5,085","1,806,286.49",355.22,187,"7,590,589.95","40,591.39","5,272","9,396,876.44","1,782.41"
27,2001,"3,606","3,232,145.02",896.32,397,"14,586,586.20","36,742.03","4,003","17,818,731.22","4,451.34"
28,2001,"2,152","1,811,014.53",841.55,306,"13,317,236.79","43,520.38","2,458","15,128,251.32","6,154.70"
29,2001,"9,000","2,843,662.34",315.96,77,"1,610,139.61","20,910.90","9,077","4,453,801.95",490.67
30,2001,"3,944","2,275,112.21",576.85,80,"3,037,848.50","37,973.11","4,024","5,312,960.71","1,320.32"
31,2001,"10,764","3,114,919.49",289.38,86,"3,471,284.72","40,363.78","10,850","6,586,204.21",607.02
32,2001,"5,310","2,442,112.63",459.91,70,"1,532,422.81","21,891.75","5,380","3,974,535.44",738.76
33,2001,"6,924","2,515,765.46",363.34,140,"5,799,967.78","41,428.34","7,064","8,315,733.24","1,177.20"
34,2001,"7,083","2,735,779.05",386.25,228,"6,192,886.44","27,161.78","7,311","8,928,665.49","1,221.26"
35,2001,"10,149","3,546,581.75",349.45,148,"4,266,433.70","28,827.25","10,297","7,813,015.45",758.77
36,2001,"11,634","3,749,972.70",322.33,100,"2,920,641.33","29,206.41","11,734","6,670,614.03",568.49
37,2001,"12,887","4,721,186.00",366.35,206,"7,392,671.64","35,886.76","13,093","12,113,857.64",925.22
38,2001,"10,191","3,688,273.46",361.91,155,"4,859,368.55","31,350.76","10,346","8,547,642.01",826.18
39,2001,"8,260","3,796,278.60",459.60,96,"3,600,344.00","37,503.58","8,356","7,396,622.60",885.19
40,2001,"8,159","3,380,221.02",414.29,130,"4,376,502.91","33,665.41","8,289","7,756,723.93",935.79
41,2001,"13,519","5,980,259.09",442.36,157,"4,466,534.04","28,449.26","13,676","10,446,793.13",763.88
42,2001,"10,374","5,014,602.03",483.38,110,"3,288,797.05","29,898.16","10,484","8,303,399.08",792.01
43,2001,"8,743","3,309,385.92",378.52,105,"3,564,434.76","33,947.00","8,848","6,873,820.68",776.88
44,2001,"14,752","5,382,330.58",364.85,60,"1,466,866.20","24,447.77","14,812","6,849,196.78",462.41
1,2002,"8,064","3,991,847.99",495.02,147,"4,604,384.49","31,322.34","8,211","8,596,232.48","1,046.92"
2,2002,"10,054","4,362,157.28",433.87,243,"12,598,106.17","51,844.06","10,297","16,960,263.45","1,647.11"
3,2002,"10,459","3,581,242.08",342.41,100,"3,255,895.48","32,558.95","10,559","6,837,137.56",647.52
4,2002,"10,932","4,347,650.55",397.70,88,"2,804,323.89","31,867.32","11,020","7,151,974.44",649.00
5,2002,"14,394","5,472,375.40",380.18,249,"5,750,379.57","23,093.89","14,643","11,222,754.97",766.42
6,2002,"11,300","4,429,326.04",391.98,172,"6,848,733.59","39,818.22","11,472","11,278,059.63",983.09
7,2002,"8,986","4,223,519.43",470.01,201,"6,288,497.67","31,286.06","9,187","10,512,017.10","1,144.23"
8,2002,"3,947","2,211,667.03",560.34,231,"7,902,716.04","34,210.89","4,178","10,114,383.07","2,420.87"
9,2002,"8,107","2,980,711.31",367.67,119,"2,755,096.80","23,152.07","8,226","5,735,808.11",697.28
10,2002,"8,893","3,355,013.90",377.26,154,"5,040,297.61","32,729.21","9,047","8,395,311.51",927.97
11,2002,"11,171","3,902,078.95",349.30,143,"7,017,162.89","49,071.07","11,314","10,919,241.84",965.11
12,2002,"9,289","3,403,617.51",366.41,156,"4,307,251.58","27,610.59","9,445","7,710,869.09",816.40
13,2002,"8,362","2,838,445.72",339.45,69,"2,008,038.91","29,102.01","8,431","4,846,484.63",574.84
14,2002,"3,530","2,253,768.74",638.46,115,"3,110,460.18","27,047.48","3,645","5,364,228.92","1,471.67"
15,2002,"11,352","4,734,816.73",417.09,171,"3,928,374.31","22,972.95","11,523","8,663,191.04",751.82
16,2002,"8,450","3,390,932.55",401.29,94,"1,864,813.17","19,838.44","8,544","5,255,745.72",615.14
17,2002,"6,896","2,787,302.36",404.19,42,"494,924.91","11,783.93","6,938","3,282,227.27",473.08
18,2002,"3,005","1,682,642.76",559.95,60,"2,137,004.60","35,616.74","3,065","3,819,647.36","1,246.21"
19,2002,"3,778","2,198,579.10",581.94,67,"2,737,181.85","40,853.46","3,845","4,935,760.95","1,283.68"
20,2002,"4,456","4,163,916.26",934.45,387,"10,038,725.46","25,939.86","4,843","14,202,641.72","2,932.61"
21,2002,"7,184","3,415,673.22",475.46,116,"2,261,338.13","19,494.29","7,300","5,677,011.35",777.67
22,2002,"4,568","2,965,098.92",649.10,230,"5,050,478.66","21,958.60","4,798","8,015,577.58","1,670.61"
23,2002,"11,880","3,753,646.87",315.96,157,"4,905,792.55","31,247.09","12,037","8,659,439.42",719.40
24,2002,"10,752","3,870,399.77",359.97,120,"3,304,821.54","27,540.18","10,872","7,175,221.31",659.97
25,2002,"10,742","5,481,161.93",510.26,146,"2,696,010.53","18,465.83","10,888","8,177,172.46",751.03
26,2002,"5,143","1,833,365.20",356.48,186,"7,452,788.93","40,068.76","5,329","9,286,154.13","1,742.57"
27,2002,"3,713","3,184,732.17",857.72,403,"14,393,689.65","35,716.35","4,116","17,578,421.82","4,270.75"
28,2002,"2,200","1,749,713.04",795.32,307,"13,597,221.75","44,290.62","2,507","15,346,934.79","6,121.63"
29,2002,"9,094","2,757,511.02",303.22,78,"1,734,765.31","22,240.58","9,172","4,492,276.33",489.78
30,2002,"4,140","2,270,803.15",548.50,79,"2,852,228.64","36,104.16","4,219","5,123,031.79","1,214.28"
31,2002,"10,816","3,185,277.43",294.50,86,"4,205,765.12","48,904.25","10,902","7,391,042.55",677.95
32,2002,"5,723","2,490,761.48",435.22,71,"1,649,786.16","23,236.42","5,794","4,140,547.64",714.63
33,2002,"6,993","2,553,483.20",365.15,138,"5,537,763.71","40,128.72","7,131","8,091,246.91","1,134.66"
34,2002,"7,198","2,685,148.39",373.04,224,"6,182,697.42","27,601.33","7,422","8,867,845.81","1,194.81"
35,2002,"10,170","3,527,503.75",346.85,148,"4,531,846.35","30,620.58","10,318","8,059,350.10",781.10
36,2002,"11,699","3,695,356.95",315.87,100,"2,691,833.94","26,918.34","11,799","6,387,190.89",541.33
37,2002,"12,883","4,645,528.99",360.59,207,"7,108,095.29","34,338.62","13,090","11,753,624.28",897.91
38,2002,"10,203","3,609,298.85",353.75,155,"4,877,680.41","31,468.91","10,358","8,486,979.26",819.36
39,2002,"8,428","3,850,406.49",456.86,96,"3,753,311.44","39,096.99","8,524","7,603,717.93",892.04
40,2002,"8,276","3,426,396.43",414.02,131,"4,388,893.51","33,503.00","8,407","7,815,289.94",929.62
41,2002,"13,573","6,101,758.88",449.55,157,"4,681,997.95","29,821.64","13,730","10,783,756.83",785.42
42,2002,"10,499","5,112,243.85",486.93,108,"3,199,603.09","29,625.95","10,607","8,311,846.94",783.62
43,2002,"8,761","3,258,437.38",371.93,104,"3,562,797.20","34,257.67","8,865","6,821,234.58",769.46
44,2002,"14,918","5,491,161.23",368.09,61,"1,694,268.61","27,774.90","14,979","7,185,429.84",479.70
1,2003,"8,070","3,779,492.76",468.34,151,"4,813,637.15","31,878.39","8,221","8,593,129.91","1,045.27"
2,2003,"10,064","4,135,291.27",410.90,246,"11,851,450.30","48,176.63","10,310","15,986,741.57","1,550.61"
3,2003,"10,468","3,307,145.22",315.93,101,"3,256,852.31","32,246.06","10,569","6,563,997.53",621.06
4,2003,"10,960","3,975,470.58",362.73,88,"2,603,151.28","29,581.26","11,048","6,578,621.86",595.46
5,2003,"14,536","5,136,071.23",353.33,252,"6,226,458.58","24,708.17","14,788","11,362,529.81",768.36
6,2003,"11,495","4,209,286.45",366.18,172,"5,224,753.37","30,376.47","11,667","9,434,039.82",808.61
7,2003,"9,080","3,968,846.72",437.10,194,"5,747,115.76","29,624.31","9,274","9,715,962.48","1,047.66"
8,2003,"3,953","2,066,471.83",522.76,231,"6,965,466.59","30,153.54","4,184","9,031,938.42","2,158.69"
9,2003,"8,118","2,899,710.56",357.20,121,"2,331,906.66","19,271.96","8,239","5,231,617.22",634.98
10,2003,"8,925","3,221,721.68",360.98,155,"4,891,485.55","31,557.97","9,080","8,113,207.23",893.53
11,2003,"11,208","3,747,253.83",334.34,141,"6,972,319.96","49,449.08","11,349","10,719,573.79",944.54
12,2003,"9,362","3,232,269.70",345.25,154,"3,452,954.74","22,421.78","9,516","6,685,224.44",702.52
13,2003,"8,524","2,722,073.88",319.34,69,"1,955,981.52","28,347.56","8,593","4,678,055.40",544.40
14,2003,"3,711","2,200,571.20",592.99,116,"2,836,717.48","24,454.46","3,827","5,037,288.68","1,316.25"
15,2003,"11,374","4,485,455.00",394.36,176,"3,140,655.97","17,844.64","11,550","7,626,110.97",660.27
16,2003,"8,672","3,283,330.78",378.61,94,"1,908,539.56","20,303.61","8,766","5,191,870.34",592.27
17,2003,"7,114","2,736,032.46",384.60,45,"510,394.06","11,342.09","7,159","3,246,426.52",453.47
18,2003,"3,211","1,667,171.35",519.21,60,"1,953,582.09","32,559.70","3,271","3,620,753.44","1,106.93"
19,2003,"4,071","2,267,930.34",557.09,69,"2,428,361.92","35,193.65","4,140","4,696,292.26","1,134.37"
20,2003,"4,620","4,059,475.19",878.67,394,"9,678,847.82","24,565.60","5,014","13,738,323.01","2,739.99"
21,2003,"7,265","3,220,803.33",443.33,118,"2,593,544.72","21,979.19","7,383","5,814,348.05",787.53
22,2003,"4,722","2,825,103.05",598.29,231,"5,030,586.03","21,777.43","4,953","7,855,689.08","1,586.05"
23,2003,"11,933","3,627,606.24",304.00,165,"5,639,752.75","34,180.32","12,098","9,267,358.99",766.02
24,2003,"10,755","3,761,940.10",349.79,126,"3,680,262.88","29,208.44","10,881","7,442,202.98",683.96
25,2003,"10,868","5,200,685.49",478.53,145,"3,099,280.81","21,374.35","11,013","8,299,966.30",753.65
26,2003,"5,152","1,751,729.13",340.01,189,"6,757,987.31","35,756.55","5,341","8,509,716.44","1,593.28"
27,2003,"3,808","2,989,323.71",785.01,407,"13,556,832.16","33,309.17","4,215","16,546,155.87","3,925.54"
28,2003,"2,278","1,633,035.65",716.87,308,"12,540,418.30","40,715.64","2,586","14,173,453.95","5,480.84"
29,2003,"9,176","2,610,976.77",284.54,78,"1,460,402.28","18,723.11","9,254","4,071,379.05",439.96
30,2003,"4,336","2,146,093.10",494.95,78,"2,559,957.54","32,819.97","4,414","4,706,050.64","1,066.16"
31,2003,"10,840","2,971,923.83",274.16,86,"2,476,928.96","28,801.50","10,926","5,448,852.79",498.71
32,2003,"6,018","2,431,887.22",404.10,72,"1,957,529.49","27,187.91","6,090","4,389,416.71",720.76
33,2003,"7,019","2,426,142.89",345.65,140,"5,124,463.58","36,603.31","7,159","7,550,606.47","1,054.70"
34,2003,"7,339","2,547,997.98",347.19,220,"5,258,652.13","23,902.96","7,559","7,806,650.11","1,032.76"
35,2003,"10,185","3,372,911.88",331.16,147,"4,253,265.70","28,933.78","10,332","7,626,177.58",738.11
36,2003,"11,702","3,474,978.09",296.96,98,"2,499,742.79","25,507.58","11,800","5,974,720.88",506.33
37,2003,"13,029","4,325,481.55",331.99,205,"7,014,625.36","34,217.68","13,234","11,340,106.91",856.89
38,2003,"10,197","3,316,702.13",325.26,156,"4,849,064.13","31,083.74","10,353","8,165,766.26",788.73
39,2003,"8,498","3,800,482.49",447.22,95,"2,834,500.78","29,836.85","8,593","6,634,983.27",772.14
40,2003,"8,289","3,278,722.41",395.55,134,"4,243,181.28","31,665.53","8,423","7,521,903.69",893.02
41,2003,"13,664","5,892,167.58",431.22,158,"4,312,683.88","27,295.47","13,822","10,204,851.46",738.30
42,2003,"11,784","5,073,555.14",430.55,109,"3,084,193.41","28,295.35","11,893","8,157,748.55",685.93
43,2003,"8,764","2,975,711.15",339.54,104,"3,202,464.04","30,792.92","8,868","6,178,175.19",696.68
44,2003,"15,052","5,160,202.73",342.83,62,"1,614,520.63","26,040.66","15,114","6,774,723.36",448.24
1,2004,"8,077","3,551,394.98",439.69,153,"4,835,983.76","31,607.74","8,230","8,387,378.74","1,019.12"
2,2004,"10,078","3,954,258.78",392.37,244,"10,341,675.85","42,383.92","10,322","14,295,934.63","1,385.00"
3,2004,"10,484","3,163,690.48",301.76,102,"3,114,784.24","30,537.10","10,586","6,278,474.72",593.09
4,2004,"11,021","3,842,080.25",348.61,88,"2,506,535.00","28,483.35","11,109","6,348,615.25",571.48
5,2004,"14,596","4,975,118.01",340.85,250,"6,376,324.06","25,505.30","14,846","11,351,442.07",764.61
6,2004,"11,654","4,072,181.84",349.42,173,"6,502,211.40","37,585.04","11,827","10,574,393.24",894.09
7,2004,"9,081","3,882,283.92",427.52,194,"7,594,950.23","39,149.23","9,275","11,477,234.15","1,237.44"
8,2004,"3,966","1,961,138.79",494.49,233,"7,896,086.87","33,888.78","4,199","9,857,225.66","2,347.52"
9,2004,"8,126","2,757,895.16",339.39,119,"2,831,404.51","23,793.32","8,245","5,589,299.67",677.90
10,2004,"8,943","3,207,726.30",358.69,156,"5,136,071.33","32,923.53","9,099","8,343,797.63",917.00
11,2004,"11,220","3,730,042.87",332.45,139,"6,976,651.24","50,191.74","11,359","10,706,694.11",942.57
12,2004,"9,382","3,261,225.14",347.60,150,"2,960,770.17","19,738.47","9,532","6,221,995.31",652.75
13,2004,"8,657","2,792,576.61",322.58,69,"3,052,492.81","44,239.03","8,726","5,845,069.42",669.85
14,2004,"3,830","2,259,925.35",590.06,118,"3,775,892.41","31,999.09","3,948","6,035,817.76","1,528.83"
15,2004,"11,406","4,422,035.19",387.69,174,"4,035,463.57","23,192.32","11,580","8,457,498.76",730.35
16,2004,"8,951","3,334,183.36",372.49,96,"1,765,335.40","18,388.91","9,047","5,099,518.76",563.67
17,2004,"7,255","2,780,242.68",383.22,46,"500,806.37","10,887.10","7,301","3,281,049.05",449.40
18,2004,"3,308","1,658,752.26",501.44,59,"2,095,813.00","35,522.25","3,367","3,754,565.26","1,115.11"
19,2004,"4,233","2,285,534.58",539.93,72,"1,502,300.96","20,865.29","4,305","3,787,835.54",879.87
20,2004,"4,742","4,003,575.52",844.28,400,"10,066,699.90","25,166.75","5,142","14,070,275.42","2,736.34"
21,2004,"7,315","3,190,057.33",436.10,118,"2,154,013.95","18,254.36","7,433","5,344,071.28",718.97
22,2004,"4,858","2,913,362.86",599.70,235,"5,563,522.27","23,674.56","5,093","8,476,885.13","1,664.42"
23,2004,"12,008","3,551,419.90",295.75,169,"5,276,809.15","31,223.72","12,177","8,828,229.05",724.99
24,2004,"10,748","3,579,613.35",333.05,129,"4,903,887.97","38,014.64","10,877","8,483,501.32",779.95
25,2004,"11,009","5,153,584.60",468.12,144,"3,046,820.02","21,158.47","11,153","8,200,404.62",735.26
26,2004,"5,158","1,715,407.80",332.57,190,"7,033,713.61","37,019.55","5,348","8,749,121.41","1,635.96"
27,2004,"3,894","3,097,787.24",795.53,414,"12,663,124.03","30,587.26","4,308","15,760,911.27","3,658.52"
28,2004,"2,312","1,626,008.59",703.29,310,"13,051,018.69","42,100.06","2,622","14,677,027.28","5,597.65"
29,2004,"9,256","2,554,390.50",275.97,77,"1,332,960.10","17,311.17","9,333","3,887,350.60",416.52
30,2004,"4,519","2,153,146.01",476.47,79,"2,711,422.60","34,321.81","4,598","4,864,568.61","1,057.97"
31,2004,"10,877","2,850,611.11",262.08,86,"2,138,623.23","24,867.71","10,963","4,989,234.34",455.10
32,2004,"6,258","2,450,414.59",391.57,73,"1,984,202.93","27,180.86","6,331","4,434,617.52",700.46
33,2004,"7,023","2,291,226.28",326.25,141,"4,236,168.17","30,043.75","7,164","6,527,394.45",911.14
34,2004,"7,374","2,503,326.80",339.48,225,"5,486,505.04","24,384.47","7,599","7,989,831.84","1,051.43"
35,2004,"10,211","3,374,761.78",330.50,150,"4,354,434.29","29,029.56","10,361","7,729,196.07",745.99
36,2004,"11,740","3,443,770.64",293.34,98,"2,476,580.95","25,271.23","11,838","5,920,351.59",500.11
37,2004,"13,131","4,371,514.44",332.92,207,"6,706,826.25","32,400.13","13,338","11,078,340.69",830.58
38,2004,"10,229","3,291,270.76",321.76,155,"4,800,993.92","30,974.15","10,384","8,092,264.68",779.30
39,2004,"8,521","3,713,746.02",435.83,95,"3,534,439.24","37,204.62","8,616","7,248,185.26",841.25
40,2004,"8,310","3,248,532.47",390.92,134,"4,065,344.60","30,338.39","8,444","7,313,877.07",866.16
41,2004,"13,689","5,747,578.13",419.87,161,"4,385,114.76","27,236.74","13,850","10,132,692.89",731.60
42,2004,"13,165","5,244,941.15",398.40,108,"3,377,727.89","31,275.26","13,273","8,622,669.04",649.64
43,2004,"8,828","2,989,520.62",338.64,102,"3,171,074.48","31,088.97","8,930","6,160,595.10",689.88
44,2004,"15,128","4,986,373.51",329.61,63,"2,925,055.64","46,429.45","15,191","7,911,429.15",520.80
1,2005,"8,078","3,630,092.74",449.38,155,"5,312,727.04","34,275.66","8,233","8,942,819.78","1,086.22"
2,2005,"10,100","4,092,565.11",405.20,246,"10,965,281.94","44,574.32","10,346","15,057,847.05","1,455.43"
3,2005,"10,523","3,386,374.64",321.81,102,"3,098,154.01","30,374.06","10,625","6,484,528.65",610.31
4,2005,"11,057","4,227,467.93",382.33,89,"2,602,035.05","29,236.35","11,146","6,829,502.98",612.73
5,2005,"14,747","5,286,861.83",358.50,250,"5,921,685.42","23,686.74","14,997","11,208,547.25",747.39
6,2005,"11,692","4,109,725.95",351.50,173,"7,312,282.66","42,267.53","11,865","11,422,008.61",962.66
7,2005,"9,081","3,727,246.72",410.44,184,"5,881,167.29","31,962.87","9,265","9,608,414.01","1,037.07"
8,2005,"4,189","1,967,712.34",469.73,235,"7,529,698.44","32,041.27","4,424","9,497,410.78","2,146.79"
9,2005,"8,131","2,844,764.44",349.87,120,"3,613,629.00","30,113.58","8,251","6,458,393.44",782.74
10,2005,"8,969","3,215,100.26",358.47,150,"5,068,615.33","33,790.77","9,119","8,283,715.59",908.40
11,2005,"11,318","3,851,431.98",340.29,135,"7,491,410.14","55,491.93","11,453","11,342,842.12",990.38
12,2005,"9,401","3,347,547.57",356.08,147,"3,406,458.10","23,173.18","9,548","6,754,005.67",707.37
13,2005,"8,736","2,846,544.18",325.84,70,"1,875,562.76","26,793.75","8,806","4,722,106.94",536.24
14,2005,"3,959","2,272,673.61",574.05,119,"2,710,514.83","22,777.44","4,078","4,983,188.44","1,221.97"
15,2005,"11,505","4,436,249.00",385.59,169,"3,896,374.35","23,055.47","11,674","8,332,623.35",713.78
16,2005,"9,146","3,521,582.91",385.04,96,"1,689,565.64","17,599.64","9,242","5,211,148.55",563.86
17,2005,"7,362","2,808,098.87",381.43,45,"506,447.12","11,254.38","7,407","3,314,545.99",447.49
18,2005,"3,370","1,718,739.00",510.01,62,"2,018,937.62","32,563.51","3,432","3,737,676.62","1,089.07"
19,2005,"4,337","2,356,554.94",543.36,74,"2,601,402.61","35,154.09","4,411","4,957,957.55","1,124.00"
20,2005,"4,829","3,999,031.08",828.13,408,"10,300,004.56","25,245.11","5,237","14,299,035.64","2,730.39"
21,2005,"7,379","3,330,169.74",451.30,118,"1,877,305.45","15,909.37","7,497","5,207,475.19",694.61
22,2005,"5,004","3,032,360.19",605.99,236,"4,453,565.87","18,871.04","5,240","7,485,926.06","1,428.61"
23,2005,"12,075","3,594,885.04",297.71,176,"6,024,416.21","34,229.64","12,251","9,619,301.25",785.18
24,2005,"10,751","3,573,239.87",332.36,128,"3,767,803.19","29,435.96","10,879","7,341,043.06",674.79
25,2005,"11,086","5,519,547.17",497.88,146,"3,506,752.55","24,018.85","11,232","9,026,299.72",803.62
26,2005,"5,173","1,816,338.36",351.12,188,"6,768,972.83","36,005.17","5,361","8,585,311.19","1,601.44"
27,2005,"3,941","3,158,101.26",801.35,421,"13,696,517.97","32,533.30","4,362","16,854,619.23","3,863.97"
28,2005,"2,374","1,696,888.15",714.78,313,"12,860,529.05","41,087.95","2,687","14,557,417.20","5,417.72"
29,2005,"9,337","2,687,530.02",287.84,76,"1,370,233.68","18,029.39","9,413","4,057,763.70",431.08
30,2005,"4,669","2,215,757.35",474.57,81,"2,788,173.69","34,421.90","4,750","5,003,931.04","1,053.46"
31,2005,"10,918","2,860,476.32",262.00,84,"2,883,659.36","34,329.28","11,002","5,744,135.68",522.10
32,2005,"6,492","2,603,254.23",400.99,73,"1,924,728.37","26,366.14","6,565","4,527,982.60",689.72
33,2005,"7,020","2,282,877.80",325.20,140,"4,633,950.69","33,099.65","7,160","6,916,828.49",966.04
34,2005,"7,403","2,654,946.88",358.63,225,"5,291,442.78","23,517.52","7,628","7,946,389.66","1,041.74"
35,2005,"10,257","3,444,554.90",335.82,151,"4,305,619.71","28,514.04","10,408","7,750,174.61",744.64
36,2005,"11,787","3,596,160.22",305.10,98,"2,434,515.10","24,841.99","11,885","6,030,675.32",507.42
37,2005,"13,166","4,401,564.15",334.31,206,"7,208,725.34","34,993.81","13,372","11,610,289.49",868.25
38,2005,"10,272","3,448,461.86",335.71,154,"4,915,282.88","31,917.42","10,426","8,363,744.74",802.20
39,2005,"8,529","3,779,602.13",443.15,96,"3,687,922.42","38,415.86","8,625","7,467,524.55",865.80
40,2005,"8,337","3,265,457.97",391.68,135,"4,280,606.46","31,708.20","8,472","7,546,064.43",890.71
41,2005,"13,702","5,938,352.96",433.39,165,"4,668,211.25","28,292.19","13,867","10,606,564.21",764.88
42,2005,"14,058","5,666,807.69",403.10,108,"3,253,119.53","30,121.48","14,166","8,919,927.22",629.67
43,2005,"8,982","3,034,303.25",337.82,102,"2,936,119.30","28,785.48","9,084","5,970,422.55",657.25
44,2005,"15,212","5,264,685.13",346.09,66,"1,646,781.48","24,951.23","15,278","6,911,466.61",452.38
1,2006,"8,078","3,316,288.59",410.53,157,"5,269,944.85","33,566.53","8,235","8,586,233.44","1,042.65"
2,2006,"10,153","3,764,956.25",370.82,251,"9,524,836.86","37,947.56","10,404","13,289,793.11","1,277.37"
3,2006,"10,540","3,082,409.37",292.45,102,"3,053,080.39","29,932.16","10,642","6,135,489.76",576.54
4,2006,"11,077","3,830,099.57",345.77,90,"2,521,280.08","28,014.22","11,167","6,351,379.65",568.76
5,2006,"14,904","4,780,829.49",320.77,254,"6,472,316.55","25,481.56","15,158","11,253,146.04",742.39
6,2006,"11,736","3,848,741.91",327.94,176,"6,747,573.42","38,338.49","11,912","10,596,315.33",889.55
7,2006,"9,102","3,567,698.56",391.97,180,"6,136,484.93","34,091.58","9,282","9,704,183.49","1,045.48"
8,2006,"4,303","1,938,880.69",450.59,233,"7,861,893.31","33,742.03","4,536","9,800,774.00","2,160.66"
9,2006,"8,137","2,694,954.97",331.20,119,"2,400,689.98","20,173.87","8,256","5,095,644.95",617.21
10,2006,"8,962","3,092,990.48",345.12,150,"4,764,834.92","31,765.57","9,112","7,857,825.40",862.36
11,2006,"11,330","3,612,032.00",318.80,138,"6,471,031.73","46,891.53","11,468","10,083,063.73",879.23
12,2006,"9,398","3,171,641.48",337.48,146,"2,774,541.45","19,003.71","9,544","5,946,182.93",623.03
13,2006,"8,785","2,674,679.29",304.46,70,"1,859,698.04","26,567.11","8,855","4,534,377.33",512.07
14,2006,"4,027","2,145,278.50",532.72,120,"2,699,095.25","22,492.46","4,147","4,844,373.75","1,168.16"
15,2006,"11,516","4,281,162.41",371.76,166,"3,870,928.77","23,318.85","11,682","8,152,091.18",697.83
16,2006,"9,179","3,446,536.45",375.48,96,"1,950,710.72","20,319.90","9,275","5,397,247.17",581.91
17,2006,"7,419","2,697,533.61",363.60,48,"463,585.24","9,658.03","7,467","3,161,118.85",423.35
18,2006,"3,435","1,614,612.73",470.05,64,"1,875,530.91","29,305.17","3,499","3,490,143.64",997.47
19,2006,"4,463","2,239,890.10",501.88,77,"2,680,391.02","34,810.27","4,540","4,920,281.12","1,083.76"
20,2006,"4,891","3,788,103.03",774.50,414,"9,819,345.87","23,718.23","5,305","13,607,448.90","2,565.02"
21,2006,"7,392","3,193,076.96",431.96,119,"2,149,361.70","18,061.86","7,511","5,342,438.66",711.28
22,2006,"5,051","2,928,127.59",579.71,237,"4,478,501.57","18,896.63","5,288","7,406,629.16","1,400.65"
23,2006,"12,042","3,512,533.76",291.69,182,"6,402,323.62","35,177.60","12,224","9,914,857.38",811.10
24,2006,"10,737","3,488,066.98",324.86,133,"3,945,195.12","29,663.12","10,870","7,433,262.10",683.83
25,2006,"11,088","5,175,816.55",466.79,146,"3,460,938.79","23,705.06","11,234","8,636,755.34",768.80
26,2006,"5,158","1,724,138.16",334.26,187,"6,809,669.17","36,415.34","5,345","8,533,807.33","1,596.60"
27,2006,"3,961","2,893,501.23",730.50,425,"14,280,228.91","33,600.54","4,386","17,173,730.14","3,915.58"
28,2006,"2,405","1,549,366.15",644.23,316,"12,615,511.61","39,922.51","2,721","14,164,877.76","5,205.76"
29,2006,"9,349","2,602,540.64",278.38,78,"1,408,988.27","18,063.95","9,427","4,011,528.91",425.54
30,2006,"4,814","2,176,151.64",452.05,80,"2,651,176.42","33,139.71","4,894","4,827,328.06",986.38
31,2006,"10,941","2,907,226.25",265.72,87,"2,825,622.60","32,478.42","11,028","5,732,848.85",519.84
32,2006,"6,646","2,449,067.11",368.50,74,"1,583,967.87","21,404.97","6,720","4,033,034.98",600.15
33,2006,"7,020","2,178,291.53",310.30,142,"4,251,760.76","29,941.98","7,162","6,430,052.29",897.80
34,2006,"7,402","2,462,670.06",332.70,219,"5,649,808.92","25,798.21","7,621","8,112,478.98","1,064.49"
35,2006,"10,249","3,192,321.56",311.48,149,"4,272,789.45","28,676.44","10,398","7,465,111.01",717.94
36,2006,"11,793","3,384,172.69",286.96,97,"2,711,119.21","27,949.68","11,890","6,095,291.90",512.64
37,2006,"13,236","4,146,816.68",313.30,200,"7,718,694.64","38,593.47","13,436","11,865,511.32",883.11
38,2006,"10,392","3,191,060.05",307.07,140,"5,018,122.94","35,843.74","10,532","8,209,182.99",779.45
39,2006,"8,524","3,594,828.24",421.73,96,"3,805,156.08","39,637.04","8,620","7,399,984.32",858.47
40,2006,"8,326","3,104,206.30",372.83,134,"4,147,716.29","30,953.11","8,460","7,251,922.59",857.20
41,2006,"13,699","5,476,859.43",399.80,167,"4,619,794.69","27,663.44","13,866","10,096,654.12",728.16
42,2006,"14,418","5,518,487.51",382.75,107,"3,328,208.83","31,104.76","14,525","8,846,696.34",609.07
43,2006,"9,009","2,877,559.96",319.41,101,"2,843,637.68","28,154.83","9,110","5,721,197.64",628.01
44,2006,"15,309","4,970,062.13",324.65,63,"1,499,351.86","23,799.24","15,372","6,469,413.99",420.86
1,2007,"8,084","3,515,949.76",434.93,158,"5,246,782.03","33,207.48","8,242","8,762,731.79","1,063.18"
2,2007,"10,191","4,134,668.92",405.72,253,"10,363,519.00","40,962.53","10,444","14,498,187.92","1,388.18"
3,2007,"10,593","3,362,896.91",317.46,102,"3,087,022.65","30,264.93","10,695","6,449,919.56",603.08
4,2007,"11,068","4,036,176.54",364.67,91,"2,642,865.94","29,042.48","11,159","6,679,042.48",598.53
5,2007,"14,937","5,134,805.74",343.76,265,"6,061,837.47","22,874.86","15,202","11,196,643.21",736.52
6,2007,"11,766","3,888,455.54",330.48,179,"6,283,923.57","35,105.72","11,945","10,172,379.11",851.60
7,2007,"9,242","3,716,644.88",402.15,179,"5,772,982.28","32,251.30","9,421","9,489,627.16","1,007.28"
8,2007,"4,344","1,972,686.18",454.12,235,"7,990,932.01","34,003.97","4,579","9,963,618.19","2,175.94"
9,2007,"8,194","2,670,941.36",325.96,120,"2,401,567.92","20,013.07","8,314","5,072,509.28",610.12
10,2007,"8,951","3,220,842.69",359.83,150,"5,010,541.60","33,403.61","9,101","8,231,384.29",904.45
11,2007,"11,344","9,214,241.82",812.26,139,"9,834,661.86","70,752.96","11,483","19,048,903.68","1,658.88"
12,2007,"9,416","3,284,921.78",348.87,144,"3,280,968.05","22,784.50","9,560","6,565,889.83",686.81
13,2007,"8,882","2,872,762.72",323.44,71,"1,882,095.12","26,508.38","8,953","4,754,857.84",531.09
14,2007,"4,110","2,406,508.56",585.53,119,"2,660,836.33","22,359.97","4,229","5,067,344.89","1,198.24"
15,2007,"11,515","4,344,775.95",377.31,167,"3,967,291.18","23,756.23","11,682","8,312,067.13",711.53
16,2007,"9,308","3,552,177.31",381.63,96,"1,793,919.94","18,686.67","9,404","5,346,097.25",568.49
17,2007,"7,473","2,711,585.07",362.85,48,"522,430.49","10,883.97","7,521","3,234,015.56",430.00
18,2007,"3,502","1,771,557.21",505.87,64,"1,882,366.43","29,411.98","3,566","3,653,923.64","1,024.66"
19,2007,"4,549","3,386,376.36",744.42,76,"2,726,293.52","35,872.28","4,625","6,112,669.88","1,321.66"
20,2007,"4,939","4,591,438.77",929.63,415,"11,021,759.62","26,558.46","5,354","15,613,198.39","2,916.17"
21,2007,"7,397","3,248,541.79",439.17,119,"2,035,439.53","17,104.53","7,516","5,283,981.32",703.03
22,2007,"5,170","3,099,649.06",599.55,239,"4,371,170.91","18,289.42","5,409","7,470,819.97","1,381.18"
23,2007,"12,043","3,636,284.81",301.94,183,"6,613,332.00","36,138.43","12,226","10,249,616.81",838.35
24,2007,"10,732","3,484,258.46",324.66,130,"4,378,237.55","33,678.75","10,862","7,862,496.01",723.85
25,2007,"11,153","5,678,601.96",509.15,142,"3,317,831.55","23,365.01","11,295","8,996,433.51",796.50
26,2007,"5,163","1,796,261.45",347.91,182,"6,308,939.22","34,664.50","5,345","8,105,200.67","1,516.41"
27,2007,"4,020","3,390,739.53",843.47,427,"14,911,151.83","34,920.73","4,447","18,301,891.36","4,115.56"
28,2007,"2,429","1,957,724.41",805.98,321,"12,947,458.06","40,334.76","2,750","14,905,182.47","5,420.07"
29,2007,"9,401","2,626,082.76",279.34,77,"1,334,774.11","17,334.73","9,478","3,960,856.87",417.90
30,2007,"4,938","2,429,870.39",492.08,82,"2,808,577.83","34,250.95","5,020","5,238,448.22","1,043.52"
31,2007,"10,962","2,925,572.03",266.88,87,"2,551,517.36","29,327.79","11,049","5,477,089.39",495.71
32,2007,"6,832","2,634,416.02",385.60,75,"1,676,517.12","22,353.56","6,907","4,310,933.14",624.14
33,2007,"7,021","2,227,823.50",317.31,143,"4,816,448.31","33,681.46","7,164","7,044,271.81",983.29
34,2007,"7,406","2,457,786.20",331.86,222,"5,836,190.07","26,289.14","7,628","8,293,976.27","1,087.31"
35,2007,"10,433","3,330,753.74",319.25,148,"4,392,988.29","29,682.35","10,581","7,723,742.03",729.96
36,2007,"11,820","3,924,182.53",332.00,94,"2,404,481.99","25,579.60","11,914","6,328,664.52",531.20
37,2007,"13,242","4,314,855.23",325.85,199,"7,875,397.59","39,574.86","13,441","12,190,252.82",906.95
38,2007,"10,423","3,297,809.93",316.40,137,"4,721,086.22","34,460.48","10,560","8,018,896.15",759.37
39,2007,"8,585","3,478,695.38",405.21,97,"3,523,320.71","36,322.89","8,682","7,002,016.09",806.50
40,2007,"8,359","3,172,098.47",379.48,139,"4,295,397.48","30,902.14","8,498","7,467,495.95",878.74
41,2007,"13,749","5,371,679.91",390.70,166,"4,156,756.09","25,040.70","13,915","9,528,436.00",684.76
42,2007,"14,488","5,955,093.23",411.04,105,"3,098,814.48","29,512.52","14,593","9,053,907.71",620.43
43,2007,"9,063","3,005,090.27",331.58,86,"2,766,081.31","32,163.74","9,149","5,771,171.58",630.80
44,2007,"15,536","4,973,779.86",320.15,61,"1,350,884.31","22,145.64","15,597","6,324,664.17",405.51
1,2008,"8,088","3,209,752.93",396.85,166,"5,033,804.44","30,324.12","8,254","8,243,557.37",998.73
2,2008,"10,199","3,573,001.57",350.33,263,"9,746,425.75","37,058.65","10,462","13,319,427.32","1,273.12"
3,2008,"10,604","2,711,342.05",255.69,108,"2,788,791.98","25,822.15","10,712","5,500,134.03",513.46
4,2008,"11,076","3,312,939.15",299.11,94,"2,484,746.63","26,433.47","11,170","5,797,685.78",519.04
5,2008,"14,918","4,459,282.23",298.92,269,"5,771,140.39","21,454.05","15,187","10,230,422.62",673.63
6,2008,"11,813","3,580,460.39",303.09,187,"6,197,639.76","33,142.46","12,000","9,778,100.15",814.84
7,2008,"9,288","3,453,453.76",371.82,187,"4,421,017.55","23,641.81","9,475","7,874,471.31",831.08
8,2008,"4,482","1,850,811.14",412.94,246,"6,572,170.59","26,716.14","4,728","8,422,981.73","1,781.51"
9,2008,"8,192","2,574,385.76",314.26,122,"2,198,978.67","18,024.42","8,314","4,773,364.43",574.14
10,2008,"8,935","2,979,434.14",333.46,158,"5,077,478.33","32,135.94","9,093","8,056,912.47",886.06
11,2008,"11,397","3,472,763.96",304.71,145,"5,315,792.20","36,660.64","11,542","8,788,556.16",761.44
12,2008,"9,427","2,984,707.75",316.61,146,"3,157,193.71","21,624.61","9,573","6,141,901.46",641.59
13,2008,"8,973","2,616,145.16",291.56,72,"1,816,470.33","25,228.75","9,045","4,432,615.49",490.06
14,2008,"4,209","2,157,130.30",512.50,125,"2,574,544.51","20,596.36","4,334","4,731,674.81","1,091.76"
15,2008,"11,513","4,149,143.36",360.39,176,"3,557,676.06","20,214.07","11,689","7,706,819.42",659.32
16,2008,"9,493","3,274,456.31",344.93,98,"1,523,666.86","15,547.62","9,591","4,798,123.17",500.27
17,2008,"7,594","2,624,564.40",345.61,50,"566,033.27","11,320.67","7,644","3,190,597.67",417.40
18,2008,"3,600","1,601,051.67",444.74,69,"1,497,082.79","21,696.85","3,669","3,098,134.46",844.41
19,2008,"4,690","2,262,946.18",482.50,80,"3,599,264.50","44,990.81","4,770","5,862,210.68","1,228.97"
20,2008,"4,973","3,658,747.93",735.72,424,"11,993,425.19","28,286.38","5,397","15,652,173.12","2,900.16"
21,2008,"7,428","3,042,022.30",409.53,119,"1,991,504.36","16,735.33","7,547","5,033,526.66",666.96
22,2008,"5,247","2,869,492.59",546.88,247,"4,395,242.72","17,794.50","5,494","7,264,735.31","1,322.30"
23,2008,"12,031","3,384,112.86",281.28,188,"5,576,123.18","29,660.23","12,219","8,960,236.04",733.30
24,2008,"10,699","3,178,250.71",297.06,139,"4,123,202.96","29,663.33","10,838","7,301,453.67",673.69
25,2008,"11,200","4,851,323.76",433.15,151,"3,265,728.78","21,627.34","11,351","8,117,052.54",715.10
26,2008,"5,160","1,653,943.26",320.53,191,"5,114,143.95","26,775.62","5,351","6,768,087.21","1,264.83"
27,2008,"4,060","2,869,695.44",706.82,436,"13,348,330.19","30,615.44","4,496","16,218,025.63","3,607.21"
28,2008,"2,438","1,572,673.29",645.07,346,"12,899,807.55","37,282.68","2,784","14,472,480.84","5,198.45"
29,2008,"9,426","2,435,965.89",258.43,79,"1,132,951.77","14,341.16","9,505","3,568,917.66",375.48
30,2008,"5,101","2,157,968.34",423.05,90,"2,302,637.07","25,584.86","5,191","4,460,605.41",859.30
31,2008,"11,017","2,762,348.28",250.74,93,"2,704,546.06","29,081.14","11,110","5,466,894.34",492.07
32,2008,"6,973","2,496,014.97",357.95,83,"1,907,846.84","22,986.11","7,056","4,403,861.81",624.13
33,2008,"7,019","2,057,999.75",293.20,145,"4,554,121.18","31,407.73","7,164","6,612,120.93",922.96
34,2008,"7,408","2,294,020.30",309.67,225,"5,202,317.52","23,121.41","7,633","7,496,337.82",982.10
35,2008,"10,843","3,158,234.04",291.27,148,"3,795,778.33","25,647.15","10,991","6,954,012.37",632.70
36,2008,"11,807","3,047,122.01",258.08,98,"2,344,564.50","23,924.13","11,905","5,391,686.51",452.89
37,2008,"13,236","3,915,191.76",295.80,202,"5,768,010.19","28,554.51","13,438","9,683,201.95",720.58
38,2008,"10,407","3,086,344.97",296.56,140,"4,634,021.81","33,100.16","10,547","7,720,366.78",732.00
39,2008,"8,570","3,305,371.92",385.69,115,"3,527,805.30","30,676.57","8,685","6,833,177.22",786.78
40,2008,"8,345","2,951,439.47",353.68,134,"3,971,027.26","29,634.53","8,479","6,922,466.73",816.42
41,2008,"13,743","5,037,970.46",366.58,171,"3,697,977.24","21,625.60","13,914","8,735,947.70",627.85
42,2008,"14,563","5,297,817.71",363.79,110,"2,675,193.67","24,319.94","14,673","7,973,011.38",543.38
43,2008,"9,092","2,702,273.83",297.21,88,"2,586,191.42","29,388.54","9,180","5,288,465.25",576.09
44,2008,"15,631","4,566,535.54",292.15,65,"1,074,217.60","16,526.42","15,696","5,640,753.14",359.38
1,2009,"8,083","3,220,354.83",398.41,160,"5,100,812.56","31,880.08","8,243","8,321,167.39","1,009.48"
2,2009,"10,202","3,599,305.52",352.80,261,"8,048,941.81","30,838.86","10,463","11,648,247.33","1,113.28"
3,2009,"10,600","2,766,910.96",261.03,103,"3,085,931.00","29,960.50","10,703","5,852,841.96",546.84
4,2009,"11,091","3,479,597.57",313.73,93,"2,457,334.12","26,422.95","11,184","5,936,931.69",530.84
5,2009,"14,960","4,412,138.38",294.93,261,"6,067,889.60","23,248.62","15,221","10,480,027.98",688.52
6,2009,"11,818","3,516,497.49",297.55,180,"6,215,221.49","34,529.01","11,998","9,731,718.98",811.11
7,2009,"9,280","3,075,972.97",331.46,180,"7,528,582.75","41,825.46","9,460","10,604,555.72","1,120.99"
8,2009,"4,589","1,761,755.38",383.91,234,"6,668,962.50","28,499.84","4,823","8,430,717.88","1,748.02"
9,2009,"8,179","2,379,642.34",290.95,121,"2,322,809.21","19,196.77","8,300","4,702,451.55",566.56
10,2009,"8,931","2,763,279.71",309.40,151,"7,291,081.31","48,285.31","9,082","10,054,361.02","1,107.06"
11,2009,"11,418","3,190,977.80",279.47,138,"7,214,119.75","52,276.23","11,556","10,405,097.55",900.41
12,2009,"9,425","2,777,310.07",294.67,142,"2,877,639.41","20,265.07","9,567","5,654,949.48",591.09
13,2009,"9,025","2,507,811.29",277.87,75,"1,955,454.68","26,072.73","9,100","4,463,265.97",490.47
14,2009,"4,284","2,007,599.93",468.63,121,"2,492,352.80","20,597.96","4,405","4,499,952.73","1,021.56"
15,2009,"11,516","3,902,026.79",338.84,169,"3,539,522.05","20,943.92","11,685","7,441,548.84",636.85
16,2009,"9,594","3,181,905.65",331.66,94,"1,637,211.31","17,417.14","9,688","4,819,116.96",497.43
17,2009,"7,680","2,487,712.21",323.92,46,"500,788.24","10,886.70","7,726","2,988,500.45",386.81
18,2009,"3,655","1,512,132.99",413.72,61,"2,237,899.83","36,686.88","3,716","3,750,032.82","1,009.16"
19,2009,"4,789","2,186,600.06",456.59,77,"2,231,344.69","28,978.50","4,866","4,417,944.75",907.92
20,2009,"5,060","3,626,836.86",716.77,424,"10,406,434.36","24,543.48","5,484","14,033,271.22","2,558.95"
21,2009,"7,445","2,858,300.02",383.92,119,"1,944,675.45","16,341.81","7,564","4,802,975.47",634.98
22,2009,"5,342","2,773,041.26",519.10,244,"4,304,037.62","17,639.50","5,586","7,077,078.88","1,266.93"
23,2009,"12,021","3,183,363.20",264.82,187,"7,515,732.71","40,191.08","12,208","10,699,095.91",876.40
24,2009,"10,708","3,002,683.28",280.41,132,"3,917,234.17","29,676.02","10,840","6,919,917.45",638.37
25,2009,"11,260","4,573,883.99",406.21,144,"2,805,065.20","19,479.62","11,404","7,378,949.19",647.05
26,2009,"5,168","1,613,701.18",312.25,183,"6,328,415.85","34,581.51","5,351","7,942,117.03","1,484.23"
27,2009,"4,097","2,803,784.97",684.35,427,"13,380,123.12","31,335.18","4,524","16,183,908.09","3,577.34"
28,2009,"2,485","1,549,192.30",623.42,327,"12,305,517.80","37,631.55","2,812","13,854,710.10","4,927.00"
29,2009,"9,515","2,366,740.47",248.74,78,"1,099,241.10","14,092.83","9,593","3,465,981.57",361.30
30,2009,"5,284","2,152,639.32",407.39,85,"1,685,612.14","19,830.73","5,369","3,838,251.46",714.89
31,2009,"11,029","2,652,913.64",240.54,88,"2,622,372.71","29,799.69","11,117","5,275,286.35",474.52
32,2009,"7,105","2,335,745.45",328.75,75,"1,839,511.86","24,526.82","7,180","4,175,257.31",581.51
33,2009,"7,007","1,864,971.76",266.16,141,"4,526,578.14","32,103.39","7,148","6,391,549.90",894.17
34,2009,"7,351","1,978,640.90",269.17,222,"5,583,725.26","25,151.92","7,573","7,562,366.16",998.60
35,2009,"11,119","3,142,942.74",282.66,146,"3,904,485.75","26,743.05","11,265","7,047,428.49",625.60
36,2009,"11,893","3,013,431.36",253.38,94,"2,183,331.35","23,226.93","11,987","5,196,762.71",433.53
37,2009,"13,236","3,803,108.64",287.33,200,"8,370,704.57","41,853.52","13,436","12,173,813.21",906.06
38,2009,"10,412","2,986,020.24",286.79,139,"4,846,453.40","34,866.57","10,551","7,832,473.64",742.34
39,2009,"8,580","3,286,831.91",383.08,97,"3,284,810.58","33,864.03","8,677","6,571,642.49",757.36
40,2009,"8,343","2,793,625.70",334.85,134,"4,014,196.30","29,956.69","8,477","6,807,822.00",803.09
41,2009,"13,792","5,101,075.04",369.86,172,"5,808,281.19","33,769.08","13,964","10,909,356.23",781.25
42,2009,"14,729","5,339,646.62",362.53,106,"3,291,205.66","31,049.11","14,835","8,630,852.28",581.79
43,2009,"9,129","2,568,079.95",281.31,86,"3,066,108.60","35,652.43","9,215","5,634,188.55",611.41
44,2009,"15,716","4,432,825.14",282.06,60,"1,515,406.61","25,256.78","15,776","5,948,231.75",377.04
1,2010,"8,084","3,114,735.76",385.30,159,"4,864,762.05","30,595.99","8,243","7,979,497.81",968.03
2,2010,"10,197","3,488,812.40",342.14,262,"8,539,646.07","32,594.07","10,459","12,028,458.47","1,150.06"
3,2010,"10,612","2,793,460.63",263.24,104,"2,902,727.42","27,910.84","10,716","5,696,188.05",531.56
4,2010,"11,092","3,505,396.74",316.03,93,"2,508,722.90","26,975.52","11,185","6,014,119.64",537.70
5,2010,"14,950","4,478,140.16",299.54,264,"5,704,386.12","21,607.52","15,214","10,182,526.28",669.29
6,2010,"11,860","3,556,314.67",299.86,177,"5,202,250.24","29,391.24","12,037","8,758,564.91",727.64
7,2010,"9,140","3,053,172.07",334.05,182,"4,509,246.98","24,776.08","9,322","7,562,419.05",811.24
8,2010,"4,561","1,782,040.86",390.71,235,"6,205,700.50","26,407.24","4,796","7,987,741.36","1,665.50"
9,2010,"7,979","2,255,633.46",282.70,121,"2,467,262.31","20,390.60","8,100","4,722,895.77",583.07
10,2010,"8,719","2,670,063.63",306.24,150,"5,563,704.65","37,091.36","8,869","8,233,768.28",928.38
11,2010,"11,440","3,260,425.89",285.00,139,"5,507,551.15","39,622.67","11,579","8,767,977.04",757.23
12,2010,"9,315","2,743,036.67",294.48,142,"2,869,384.36","20,206.93","9,457","5,612,421.03",593.47
13,2010,"9,097","2,432,804.31",267.43,75,"1,717,283.21","22,897.11","9,172","4,150,087.52",452.47
14,2010,"4,375","2,060,426.72",470.95,122,"2,437,969.88","19,983.36","4,497","4,498,396.60","1,000.31"
15,2010,"11,408","3,827,432.25",335.50,168,"3,670,588.24","21,848.74","11,576","7,498,020.49",647.72
16,2010,"9,709","3,165,134.93",326.00,94,"1,651,865.74","17,573.04","9,803","4,817,000.67",491.38
17,2010,"7,755","2,480,249.87",319.83,46,"482,847.15","10,496.68","7,801","2,963,097.02",379.84
18,2010,"6,086","1,561,831.54",256.63,62,"1,372,103.84","22,130.71","6,148","2,933,935.38",477.22
19,2010,"4,919","2,198,699.72",446.98,79,"2,752,373.72","34,840.17","4,998","4,951,073.44",990.61
20,2010,"5,124","3,524,124.07",687.77,423,"11,724,874.21","27,718.38","5,547","15,248,998.28","2,749.05"
21,2010,"7,475","2,858,118.09",382.36,119,"1,883,316.34","15,826.19","7,594","4,741,434.43",624.37
22,2010,"5,421","2,687,024.70",495.67,249,"4,145,683.57","16,649.33","5,670","6,832,708.27","1,205.06"
23,2010,"11,838","3,077,786.81",259.99,195,"6,856,806.39","35,163.11","12,033","9,934,593.20",825.61
24,2010,"10,642","2,809,766.05",264.03,135,"4,123,091.39","30,541.42","10,777","6,932,857.44",643.30
25,2010,"11,201","4,446,944.91",397.01,143,"3,280,360.65","22,939.58","11,344","7,727,305.56",681.18
26,2010,"5,157","1,574,459.79",305.31,188,"6,969,786.26","37,073.33","5,345","8,544,246.05","1,598.55"
27,2010,"4,138","2,708,387.37",654.52,430,"14,299,934.86","33,255.66","4,568","17,008,322.23","3,723.36"
28,2010,"2,511","1,480,234.39",589.50,332,"11,568,035.02","34,843.48","2,843","13,048,269.41","4,589.61"
29,2010,"9,529","2,336,108.18",245.16,77,"1,224,065.33","15,896.95","9,606","3,560,173.51",370.62
30,2010,"5,429","2,059,291.19",379.31,82,"1,580,411.84","19,273.32","5,511","3,639,703.03",660.44
31,2010,"11,035","2,644,509.63",239.65,88,"2,627,899.33","29,862.49","11,123","5,272,408.96",474.01
32,2010,"7,307","2,341,036.32",320.38,75,"1,430,110.92","19,068.15","7,382","3,771,147.24",510.86
33,2010,"6,921","1,790,705.87",258.74,144,"4,295,114.71","29,827.19","7,065","6,085,820.58",861.40
34,2010,"7,327","1,967,771.43",268.56,222,"5,369,060.76","24,184.96","7,549","7,336,832.19",971.89
35,2010,"11,222","3,197,461.76",284.93,147,"3,664,081.24","24,925.72","11,369","6,861,543.00",603.53
36,2010,"12,004","3,049,966.15",254.08,94,"2,368,943.47","25,201.53","12,098","5,418,909.62",447.92
37,2010,"13,242","3,760,264.57",283.97,201,"7,673,285.04","38,175.55","13,443","11,433,549.61",850.52
38,2010,"10,418","2,948,299.02",283.00,140,"4,692,968.78","33,521.21","10,558","7,641,267.80",723.74
39,2010,"8,591","3,142,838.44",365.83,98,"3,439,803.19","35,100.03","8,689","6,582,641.63",757.58
40,2010,"8,363","2,770,840.75",331.32,132,"3,836,837.93","29,066.95","8,495","6,607,678.68",777.83
41,2010,"13,798","4,897,552.08",354.95,172,"4,451,056.23","25,878.23","13,970","9,348,608.31",669.19
42,2010,"14,760","5,223,239.46",353.88,109,"2,933,628.21","26,914.02","14,869","8,156,867.67",548.58
43,2010,"9,158","2,599,467.18",283.85,87,"2,932,875.78","33,711.22","9,245","5,532,342.96",598.41
44,2010,"15,921","4,544,116.24",285.42,61,"1,211,213.87","19,855.97","15,982","5,755,330.11",360.11
1,2011,"8,088","3,090,655.25",382.13,161,"4,952,311.05","30,759.70","8,249","8,042,966.30",975.02
2,2011,"10,206","3,465,504.64",339.56,261,"10,123,879.09","38,788.81","10,467","13,589,383.73","1,298.31"
3,2011,"10,612","2,766,818.24",260.73,105,"2,972,594.43","28,310.42","10,717","5,739,412.67",535.54
4,2011,"11,091","3,469,013.63",312.78,94,"2,507,894.36","26,679.73","11,185","5,976,907.99",534.37
5,2011,"14,962","4,440,151.84",296.76,269,"5,556,831.20","20,657.37","15,231","9,996,983.04",656.36
6,2011,"11,994","3,512,220.57",292.83,181,"5,433,290.71","30,018.18","12,175","8,945,511.28",734.74
7,2011,"9,609","3,220,543.74",335.16,183,"5,862,079.52","32,033.22","9,792","9,082,623.26",927.56
8,2011,"4,636","1,898,309.03",409.47,234,"7,118,004.60","30,418.82","4,870","9,016,313.63","1,851.40"
9,2011,"8,068","2,317,664.97",287.27,123,"2,440,799.54","19,843.90","8,191","4,758,464.51",580.94
10,2011,"8,830","2,781,071.20",314.96,150,"5,464,141.52","36,427.61","8,980","8,245,212.72",918.18
11,2011,"11,453","3,311,882.61",289.17,139,"6,681,217.23","48,066.31","11,592","9,993,099.84",862.07
12,2011,"9,322","2,870,889.44",307.97,143,"2,938,566.26","20,549.41","9,465","5,809,455.70",613.78
13,2011,"11,162","2,689,631.83",240.96,75,"2,148,338.57","28,644.51","11,237","4,837,970.40",430.54
14,2011,"7,326","2,305,384.28",314.69,123,"2,347,397.55","19,084.53","7,449","4,652,781.83",624.62
15,2011,"11,523","4,011,380.78",348.12,168,"3,527,877.18","20,999.27","11,691","7,539,257.96",644.88
16,2011,"9,737","3,311,750.45",340.12,96,"1,595,363.63","16,618.37","9,833","4,907,114.08",499.05
17,2011,"7,799","2,509,542.42",321.78,48,"454,613.28","9,471.11","7,847","2,964,155.70",377.74
18,2011,"9,417","2,949,343.92",313.19,60,"1,834,362.87","30,572.71","9,477","4,783,706.79",504.77
19,2011,"9,602","2,730,473.86",284.37,83,"2,884,223.17","34,749.68","9,685","5,614,697.03",579.73
20,2011,"7,799","4,092,593.71",524.76,426,"9,493,108.88","22,284.29","8,225","13,585,702.59","1,651.76"
21,2011,"7,484","2,885,808.55",385.60,120,"1,797,626.94","14,980.22","7,604","4,683,435.49",615.92
22,2011,"5,469","2,769,399.82",506.38,249,"3,685,656.81","14,801.83","5,718","6,455,056.63","1,128.90"
23,2011,"11,860","3,162,043.51",266.61,195,"6,803,226.17","34,888.34","12,055","9,965,269.68",826.65
24,2011,"10,662","3,053,270.36",286.37,137,"4,201,101.11","30,664.97","10,799","7,254,371.47",671.76
25,2011,"11,296","4,750,374.30",420.54,144,"3,081,068.89","21,396.31","11,440","7,831,443.19",684.57
26,2011,"5,149","1,613,814.27",313.42,191,"5,332,935.34","27,921.13","5,340","6,946,749.61","1,300.89"
27,2011,"4,172","2,945,434.23",706.00,435,"11,638,909.91","26,756.11","4,607","14,584,344.14","3,165.69"
28,2011,"4,230","1,877,964.11",443.96,334,"10,264,351.39","30,731.59","4,564","12,142,315.50","2,660.45"
29,2011,"9,562","2,448,079.34",256.02,76,"1,156,501.20","15,217.12","9,638","3,604,580.54",374.00
30,2011,"5,493","2,159,065.43",393.06,81,"1,686,156.81","20,816.75","5,574","3,845,222.24",689.85
31,2011,"11,010","2,646,118.41",240.34,87,"2,820,071.10","32,414.61","11,097","5,466,189.51",492.58
32,2011,"7,417","2,462,960.81",332.07,75,"1,238,573.90","16,514.32","7,492","3,701,534.71",494.06
33,2011,"7,033","1,953,083.15",277.70,145,"3,925,038.28","27,069.23","7,178","5,878,121.43",818.91
34,2011,"7,415","2,184,813.84",294.65,221,"5,497,493.85","24,875.54","7,636","7,682,307.69","1,006.06"
35,2011,"11,212","3,246,689.06",289.57,145,"3,657,291.62","25,222.70","11,357","6,903,980.68",607.91
36,2011,"12,041","3,137,535.41",260.57,94,"2,204,450.78","23,451.60","12,135","5,341,986.19",440.21
37,2011,"13,229","3,813,636.86",288.28,202,"7,325,678.69","36,265.74","13,431","11,139,315.55",829.37
38,2011,"10,413","2,947,937.57",283.10,140,"4,465,997.48","31,899.98","10,553","7,413,935.05",702.54
39,2011,"8,597","3,050,736.94",354.86,98,"3,211,618.15","32,771.61","8,695","6,262,355.09",720.22
40,2011,"8,358","2,710,859.71",324.34,135,"3,776,174.10","27,971.66","8,493","6,487,033.81",763.81
41,2011,"13,793","4,859,773.77",352.34,172,"4,253,636.52","24,730.44","13,965","9,113,410.29",652.59
42,2011,"14,791","5,376,800.13",363.52,110,"2,835,746.64","25,779.51","14,901","8,212,546.77",551.14
43,2011,"9,146","2,648,764.54",289.61,87,"2,627,798.82","30,204.58","9,233","5,276,563.36",571.49
44,2011,"15,949","4,654,663.19",291.85,60,"1,151,847.62","19,197.46","16,009","5,806,510.81",362.70
1,2012," 8,092 "," 3,107,607.73 ", 384.03 , 161 ," 4,544,977.79 "," 28,229.68 "," 8,253 "," 7,652,585.52 ", 927.25 
2,2012," 10,278 "," 3,484,083.24 ", 338.98 , 258 ," 8,222,665.12 "," 31,870.80 "," 10,536 "," 11,706,748.36 "," 1,111.12 "
3,2012," 10,601 "," 2,789,582.70 ", 263.14 , 103 ," 2,835,782.80 "," 27,531.87 "," 10,704 "," 5,625,365.50 ", 525.54 
4,2012," 11,074 "," 3,542,190.66 ", 319.87 , 93 ," 1,782,965.88 "," 19,171.68 "," 11,167 "," 5,325,156.54 ", 476.87 
5,2012," 14,941 "," 4,515,025.76 ", 302.19 , 269 ," 5,232,528.72 "," 19,451.78 "," 15,210 "," 9,747,554.48 ", 640.86 
6,2012," 13,136 "," 3,692,715.97 ", 281.11 , 184 ," 6,136,288.81 "," 33,349.40 "," 13,320 "," 9,829,004.78 ", 737.91 
7,2012," 9,722 "," 3,174,235.22 ", 326.50 , 184 ," 5,560,836.96 "," 30,221.94 "," 9,906 "," 8,735,072.18 ", 881.80 
8,2012," 4,695 "," 2,000,047.56 ", 426.00 , 238 ," 5,005,626.77 "," 21,032.05 "," 4,933 "," 7,005,674.33 "," 1,420.17 "
9,2012," 8,203 "," 2,346,052.66 ", 286.00 , 125 ," 2,398,799.84 "," 19,190.40 "," 8,328 "," 4,744,852.50 ", 569.75 
10,2012," 8,900 "," 2,766,313.99 ", 310.82 , 156 ," 4,651,094.22 "," 29,814.71 "," 9,056 "," 7,417,408.21 ", 819.06 
11,2012," 11,466 "," 3,193,509.73 ", 278.52 , 143 ," 5,705,262.26 "," 39,896.94 "," 11,609 "," 8,898,771.99 ", 766.54 
12,2012," 9,443 "," 2,855,041.89 ", 302.34 , 140 ," 2,738,380.47 "," 19,559.86 "," 9,583 "," 5,593,422.36 ", 583.68 
13,2012," 11,745 "," 3,176,200.61 ", 270.43 , 74 ," 1,377,827.71 "," 18,619.29 "," 11,819 "," 4,554,028.32 ", 385.31 
14,2012," 7,994 "," 2,993,999.70 ", 374.53 , 126 ," 1,378,776.92 "," 10,942.67 "," 8,120 "," 4,372,776.62 ", 538.52 
15,2012," 11,492 "," 3,874,558.20 ", 337.15 , 167 ," 3,026,163.28 "," 18,120.74 "," 11,659 "," 6,900,721.48 ", 591.88 
16,2012," 12,984 "," 4,073,689.64 ", 313.75 , 96 ," 1,773,134.72 "," 18,470.15 "," 13,080 "," 5,846,824.36 ", 447.00 
17,2012," 12,973 "," 3,248,634.51 ", 250.42 , 52 ," 500,593.08 "," 9,626.79 "," 13,025 "," 3,749,227.59 ", 287.85 
18,2012," 9,879 "," 3,141,112.38 ", 317.96 , 69 ," 1,624,911.27 "," 23,549.44 "," 9,948 "," 4,766,023.65 ", 479.09 
19,2012," 11,037 "," 3,844,422.40 ", 348.32 , 101 ," 2,829,184.51 "," 28,011.73 "," 11,138 "," 6,673,606.91 ", 599.17 
20,2012," 8,215 "," 4,565,603.80 ", 555.76 , 408 ," 7,942,928.55 "," 19,467.96 "," 8,623 "," 12,508,532.35 "," 1,450.60 "
21,2012," 8,343 "," 2,788,952.72 ", 334.29 , 122 ," 1,372,664.95 "," 11,251.35 "," 8,465 "," 4,161,617.67 ", 491.63 
22,2012," 8,993 "," 3,256,326.96 ", 362.10 , 252 ," 4,510,003.24 "," 17,896.84 "," 9,245 "," 7,766,330.20 ", 840.06 
23,2012," 11,926 "," 3,240,600.20 ", 271.73 , 202 ," 6,530,276.74 "," 32,328.10 "," 12,128 "," 9,770,876.94 ", 805.65 
24,2012," 10,691 "," 3,075,399.51 ", 287.66 , 146 ," 3,312,979.10 "," 22,691.64 "," 10,837 "," 6,388,378.61 ", 589.50 
25,2012," 11,266 "," 4,980,473.34 ", 442.08 , 142 ," 3,063,273.66 "," 21,572.35 "," 11,408 "," 8,043,747.00 ", 705.10 
26,2012," 5,132 "," 1,622,645.19 ", 316.18 , 190 ," 3,781,231.11 "," 19,901.22 "," 5,322 "," 5,403,876.30 "," 1,015.38 "
27,2012," 5,505 "," 3,095,182.74 ", 562.25 , 445 ," 13,413,718.12 "," 30,143.19 "," 5,950 "," 16,508,900.86 "," 2,774.61 "
28,2012," 4,308 "," 2,007,174.55 ", 465.92 , 327 ," 11,403,565.38 "," 34,873.29 "," 4,635 "," 13,410,739.93 "," 2,893.36 "
29,2012," 11,113 "," 2,490,481.16 ", 224.11 , 77 ," 1,050,491.16 "," 13,642.74 "," 11,190 "," 3,540,972.32 ", 316.44 
30,2012," 11,118 "," 2,506,346.00 ", 225.43 , 88 ," 1,437,946.87 "," 16,340.31 "," 11,206 "," 3,944,292.87 ", 351.98 
31,2012," 11,044 "," 2,517,271.30 ", 227.93 , 87 ," 1,341,616.20 "," 15,420.88 "," 11,131 "," 3,858,887.50 ", 346.68 
32,2012," 10,383 "," 2,392,602.06 ", 230.43 , 76 ," 1,055,075.96 "," 13,882.58 "," 10,459 "," 3,447,678.02 ", 329.64 
33,2012," 7,082 "," 1,958,632.18 ", 276.56 , 145 ," 2,529,788.13 "," 17,446.81 "," 7,227 "," 4,488,420.31 ", 621.06 
34,2012," 7,452 "," 2,257,386.51 ", 302.92 , 223 ," 4,816,056.53 "," 21,596.67 "," 7,675 "," 7,073,443.04 ", 921.62 
35,2012," 11,242 "," 3,162,691.94 ", 281.33 , 149 ," 3,028,378.29 "," 20,324.69 "," 11,391 "," 6,191,070.23 ", 543.51 
36,2012," 12,068 "," 3,026,084.25 ", 250.75 , 95 ," 2,017,922.46 "," 21,241.29 "," 12,163 "," 5,044,006.71 ", 414.70 
37,2012," 13,236 "," 3,685,559.21 ", 278.45 , 201 ," 6,742,138.23 "," 33,542.98 "," 13,437 "," 10,427,697.44 ", 776.04 
38,2012," 10,414 "," 2,892,144.08 ", 277.72 , 142 ," 2,447,348.40 "," 17,234.85 "," 10,556 "," 5,339,492.48 ", 505.83 
39,2012," 8,589 "," 2,972,098.22 ", 346.04 , 99 ," 2,666,756.16 "," 26,936.93 "," 8,688 "," 5,638,854.38 ", 649.04 
40,2012," 8,357 "," 2,690,777.65 ", 321.98 , 140 ," 3,344,159.12 "," 23,886.85 "," 8,497 "," 6,034,936.77 ", 710.24 
41,2012," 13,788 "," 4,673,977.53 ", 338.99 , 174 ," 5,037,284.83 "," 28,949.91 "," 13,962 "," 9,711,262.36 ", 695.55 
42,2012," 14,855 "," 5,215,687.79 ", 351.11 , 114 ," 2,321,425.02 "," 20,363.38 "," 14,969 "," 7,537,112.81 ", 503.51 
43,2012," 9,177 "," 2,564,789.37 ", 279.48 , 86 ," 2,757,652.28 "," 32,065.72 "," 9,263 "," 5,322,441.65 ", 574.59 
44,2012," 16,096 "," 4,457,430.44 ", 276.93 , 61 ," 1,331,217.03 "," 21,823.23 "," 16,157 "," 5,788,647.47 ", 358.27 
1,2013," 8,094 "," 2,915,286.25 ", 360.18 , 162 ," 4,702,237.33 "," 29,026.16 "," 8,256 "," 7,617,523.58 ", 922.67 
2,2013," 10,327 "," 3,290,050.93 ", 318.59 , 258 ," 8,339,901.19 "," 32,325.20 "," 10,585 "," 11,629,952.12 "," 1,098.72 "
3,2013," 10,612 "," 2,537,828.03 ", 239.15 , 103 ," 2,861,277.43 "," 27,779.39 "," 10,715 "," 5,399,105.46 ", 503.88 
4,2013," 11,080 "," 3,202,393.50 ", 289.02 , 93 ," 2,395,270.74 "," 25,755.60 "," 11,173 "," 5,597,664.24 ", 501.00 
5,2013," 14,968 "," 3,988,364.93 ", 266.46 , 270 ," 5,469,170.08 "," 20,256.19 "," 15,238 "," 9,457,535.01 ", 620.65 
6,2013," 13,139 "," 3,536,042.82 ", 269.13 , 182 ," 5,780,240.82 "," 31,759.56 "," 13,321 "," 9,316,283.64 ", 699.37 
7,2013," 9,817 "," 3,244,589.28 ", 330.51 , 185 ," 6,114,678.87 "," 33,052.32 "," 10,002 "," 9,359,268.15 ", 935.74 
8,2013," 4,722 "," 2,150,795.08 ", 455.48 , 236 ," 9,005,959.22 "," 38,160.84 "," 4,958 "," 11,156,754.30 "," 2,250.25 "
9,2013," 8,204 "," 2,406,044.96 ", 293.28 , 124 ," 2,630,413.68 "," 21,213.01 "," 8,328 "," 5,036,458.64 ", 604.76 
10,2013," 8,924 "," 3,195,052.68 ", 358.03 , 155 ," 5,099,808.65 "," 32,901.99 "," 9,079 "," 8,294,861.33 ", 913.63 
11,2013," 11,584 "," 3,154,674.51 ", 272.33 , 142 ," 5,678,799.68 "," 39,991.55 "," 11,726 "," 8,833,474.19 ", 753.32 
12,2013," 9,458 "," 2,744,287.32 ", 290.16 , 139 ," 2,877,014.53 "," 20,697.95 "," 9,597 "," 5,621,301.85 ", 585.74 
13,2013," 11,804 "," 3,073,108.46 ", 260.34 , 75 ," 1,916,366.05 "," 25,551.55 "," 11,879 "," 4,989,474.51 ", 420.02 
14,2013," 8,045 "," 3,020,929.10 ", 375.50 , 127 ," 1,830,755.50 "," 14,415.40 "," 8,172 "," 4,851,684.60 ", 593.70 
15,2013," 11,519 "," 4,090,400.66 ", 355.10 , 167 ," 3,106,578.61 "," 18,602.27 "," 11,686 "," 7,196,979.27 ", 615.86 
16,2013," 13,228 "," 3,867,487.59 ", 292.37 , 95 ," 1,503,362.64 "," 15,824.87 "," 13,323 "," 5,370,850.23 ", 403.13 
17,2013," 13,290 "," 3,776,549.44 ", 284.16 , 52 ," 481,054.60 "," 9,251.05 "," 13,342 "," 4,257,604.04 ", 319.11 
18,2013," 9,913 "," 3,120,217.51 ", 314.76 , 69 ," 1,852,854.09 "," 26,852.96 "," 9,982 "," 4,973,071.60 ", 498.20 
19,2013," 11,291 "," 3,850,988.89 ", 341.07 , 99 ," 2,584,904.31 "," 26,110.14 "," 11,390 "," 6,435,893.20 ", 565.05 
20,2013," 8,261 "," 4,491,422.93 ", 543.69 , 409 ," 9,679,532.76 "," 23,666.34 "," 8,670 "," 14,170,955.69 "," 1,634.48 "
21,2013," 8,871 "," 3,165,260.75 ", 356.81 , 123 ," 1,601,589.98 "," 13,021.06 "," 8,994 "," 4,766,850.73 ", 530.00 
22,2013," 9,269 "," 3,587,598.23 ", 387.05 , 250 ," 3,766,937.67 "," 15,067.75 "," 9,519 "," 7,354,535.90 ", 772.62 
23,2013," 11,981 "," 3,511,819.35 ", 293.12 , 204 ," 7,261,194.07 "," 35,594.09 "," 12,185 "," 10,773,013.42 ", 884.12 
24,2013," 10,715 "," 3,041,212.12 ", 283.83 , 144 ," 4,649,250.63 "," 32,286.46 "," 10,859 "," 7,690,462.75 ", 708.21 
25,2013," 12,697 "," 5,157,985.28 ", 406.24 , 140 ," 2,768,870.95 "," 19,777.65 "," 12,837 "," 7,926,856.23 ", 617.50 
26,2013," 5,162 "," 1,633,147.37 ", 316.38 , 187 ," 6,516,803.81 "," 34,849.22 "," 5,349 "," 8,149,951.18 "," 1,523.64 "
27,2013," 5,792 "," 3,374,724.16 ", 582.65 , 440 ," 13,329,474.94 "," 30,294.26 "," 6,232 "," 16,704,199.10 "," 2,680.39 "
28,2013," 4,311 "," 1,955,311.56 ", 453.56 , 326 ," 11,261,758.98 "," 34,545.27 "," 4,637 "," 13,217,070.54 "," 2,850.35 "
29,2013," 11,370 "," 2,722,649.73 ", 239.46 , 76 ," 1,156,285.42 "," 15,214.28 "," 11,446 "," 3,878,935.15 ", 338.89 
30,2013," 13,578 "," 3,667,467.62 ", 270.10 , 89 ," 1,540,571.57 "," 17,309.79 "," 13,667 "," 5,208,039.19 ", 381.07 
31,2013," 11,871 "," 2,680,136.90 ", 225.77 , 87 ," 2,224,633.42 "," 25,570.50 "," 11,958 "," 4,904,770.32 ", 410.17 
32,2013," 15,209 "," 3,681,610.77 ", 242.07 , 76 ," 1,229,958.40 "," 16,183.66 "," 15,285 "," 4,911,569.17 ", 321.33 
33,2013," 7,089 "," 1,775,903.28 ", 250.52 , 145 ," 4,535,310.96 "," 31,278.01 "," 7,234 "," 6,311,214.24 ", 872.44 
34,2013," 7,477 "," 2,132,594.26 ", 285.22 , 222 ," 4,264,000.82 "," 19,207.21 "," 7,699 "," 6,396,595.08 ", 830.83 
35,2013," 11,405 "," 3,161,431.95 ", 277.20 , 148 ," 4,309,753.21 "," 29,119.95 "," 11,553 "," 7,471,185.16 ", 646.69 
36,2013," 12,098 "," 3,025,970.52 ", 250.12 , 95 ," 2,331,247.48 "," 24,539.45 "," 12,193 "," 5,357,218.00 ", 439.37 
37,2013," 13,362 "," 3,575,641.47 ", 267.60 , 200 ," 6,949,863.68 "," 34,749.32 "," 13,562 "," 10,525,505.15 ", 776.10 
38,2013," 10,424 "," 2,806,501.24 ", 269.23 , 141 ," 4,348,109.29 "," 30,837.65 "," 10,565 "," 7,154,610.53 ", 677.20 
39,2013," 8,572 "," 2,740,476.33 ", 319.70 , 99 ," 3,120,141.71 "," 31,516.58 "," 8,671 "," 5,860,618.04 ", 675.89 
40,2013," 8,359 "," 2,597,442.92 ", 310.74 , 137 ," 3,683,461.79 "," 26,886.58 "," 8,496 "," 6,280,904.71 ", 739.28 
41,2013," 13,850 "," 4,415,064.90 ", 318.78 , 175 ," 4,038,659.50 "," 23,078.05 "," 14,025 "," 8,453,724.40 ", 602.76 
42,2013," 14,888 "," 5,235,015.32 ", 351.63 , 114 ," 2,830,780.08 "," 24,831.40 "," 15,002 "," 8,065,795.40 ", 537.65 
43,2013," 9,195 "," 2,556,378.67 ", 278.02 , 87 ," 2,663,193.42 "," 30,611.42 "," 9,282 "," 5,219,572.09 ", 562.33 
44,2013," 16,144 "," 4,426,599.28 ", 274.19 , 60 ," 1,002,745.35 "," 16,712.42 "," 16,204 "," 5,429,344.63 ", 335.06 
